<packageInfo>
    <bundleId>com.sam.yandexmusicfree</bundleId>
    <name>Yandex Music Free</name>
    <version>1.0</version>
    <descriptions>
        <description>
        EN - A crack for Yandex.Music
        </description>
        <description>
        RU - Полноценная работа Яндекс.Музыка без подписки.
        </description>
    </descriptions>
    <compatibility>
        <miniOS>7.1.2</miniOS>
        <maxiOS>i don't know :(</maxiOS>
    </compatibility>
    <dependencies>
        <dependency>mobilesubstrate</dependency>
        <dependency>Yandex Music</dependency>
    </dependencies>
    <changelog>
        <change>
            <changeVersion>V1.0</changeVersion>
            <changeDescription>Initial Release</changeDescription>
        </change>
    </changelog>
</packageInfo>
